[
    {
        "_id": 5,
        "vehicle": 1,
        "country": "Maldív szigetek",
        "description": "Képeslapra illő tengerpari villák, türkizkék tenger, vakítóan fehér homokos strandok, csodás naplementék írják le ezt a paradicsomi helyet. A Maldív-szigetek nagyon népszerű célpont a nászutasok körében, de a kalandot keresők is szívesen felfedezik a tenger szépségét egy könnyű búvárkodás, sznorkelezés vagy szörfözés alkalmával. A világ korallzátonyinak 5%-a itt található, rendkívül színes vízi élővilággal. Habár csak mintegy félmillió ember lakja, kultúrája mégis rendkívül változatos, köszönhetően a hódító népeknek. Az ország földrajzi elhelyezkedése miatt az emberek és kultúrák olvasztótégelye volt. A lakosság egyharmada él a sziget fővárosában, Malén, a többiek elszórtan a 200 szigeten.",
        "departure": "2022-04-13",
        "capacity": 164,
        "pictureUrl": "http://vizsga2022.cluster.jedlik.eu/picture/maldives.jpg"
    },
    {
        "_id": 3,
        "vehicle": 1,
        "country": "Egyesült Arab Emirátusok",
        "description": "Dubajnak gazdag története van, és az Egyesült Arab Emírségek kultúrája lenyűgöző, ha minden aranyat lekarcolsz. Nem számítottál erre? Haladjon a Dubai Creek szélén, a város eredeti szívében, ahol a Közel-Kelet szerte a kereskedők elcsalogatják áruikat. Itt vigyázhat az iráni türkiz csecsebecsékre, ománi ezüst kincsekre és Szaúd-Arábiából származó érmékre. Még egy látványos, az aranynak szentelt souk található - érdemes megnézni, akkor is, ha nem vásárol.",
        "departure": "2022-04-17",
        "capacity": 114,
        "pictureUrl": "http://vizsga2022.cluster.jedlik.eu/picture/dubai.jpg"
    },
    {
        "_id": 7,
        "vehicle": 4,
        "country": "Olaszország",
        "description": "Velence meghatározó szimbólumai, melyek ismertek világszerte: a Szent Márk tér és harangtornya a Campanile, valamint székesegyháza a Szent Márk-bazilika, a mellette található Dózsepalota, a Rialto-, és a Sóhajok hídja, templomai- a Santa Maria Gloriosa dei Frari, a Santa Maria della Salute és a San Pietro di Castello, továbbá csatornái és szűk utcái. Templomai belső terei olyan művészek alkotásait őrzik, mint Giorgione, Titian, Tintoretto vagy Veronese. Csodáld meg a Ca' Rezzonico, a Művészeti múzeum vagy a Guggenheim Múzeum művészeti remekműveit és látogass el Murano-, és Burano-szigetére, mely a velencei üveg és csipke kézműves műhelyeinek színterei.",
        "departure": "2022-04-18",
        "capacity": 86,
        "pictureUrl": "http://vizsga2022.cluster.jedlik.eu/picture/venice.jpg"
    },
    {
        "_id": 4,
        "vehicle": 2,
        "country": "Törökország",
        "description": "Az országot északról a Fekete-tenger, délről a Földközi-tenger, míg nyugatról az Égei-tenger határolja. Ezek együttesen 8000 kilométer hosszú tengerparti szakaszt kínálnak a természeti kincseknek, strandoknak, szálláshelyeknek, gasztronómiai létesítményeknek. Legnépszerűbb strandjai a Földközi-, és Égei-tenger partjain találhatóak. A 1600 kilométer hosszú mediterrán tengerpartot, Török Riviérának vagy türkiz partnak neveznek. Nappal élvezd a napsütést, a tenger hullamait, míg napnyugta után éld át a dinamikus és színes éjszakai életet. Az élő zenétől, a tengerre néző koktélbárokon át, az éjszakai klubokig megtalálja mindenki a maga kikapcsolódási formáját.",
        "departure": "2022-04-20",
        "capacity": 72,
        "pictureUrl": "http://vizsga2022.cluster.jedlik.eu/picture/istanbul.jpg"
    },
    {
        "_id": 6,
        "vehicle": 1,
        "country": "Egyiptom",
        "description": "Kaland a sivatag mélyén. Sivatagi szafarik, quadozás a Keleti Sivatagban, túrázás és lovaglás a Sinai-hegységben vagy táborozás a Fehér Sivatagban, mind-mind életre szóló élménnyel gazdagítanak. Fedezd fel a váratlant, és merülj egyiptomi tengereibe, melyek feltárják a víz alatti élőlények és kincsek rengetegét. Búvárkodj a német tengeralattjáró-, vagy a napóleon kori hadihajó-roncs között, válaszd a korallzátony-búvárkodást a Vörös-tengerben vagy a Földközi-tenger víz alatti romjainak megismerését, a fáraók aranykorától egészen Kleopátra uralkodásáig. Ha nem érdekel a merülés, csillapítsd felfedezésszomjad sárkány-szörfözéssel vagy vitorlázással a Nílus hullámain.",
        "departure": "2022-04-25",
        "capacity": 138,
        "pictureUrl": "http://vizsga2022.cluster.jedlik.eu/picture/egypt.jpg"
    },
    {
        "_id": 1,
        "vehicle": 3,
        "country": "Horvátország",
        "description": "A meseszép horvát tengerpart 177 kilométer hosszan nyúlik el, de ha a szigetek (1185, ebből 66 lakott) kerületét is figyelembe vesszük, összesen 5835 km, így igen nehéz kiválasztani, merre is induljunk el. A horvát Adria-part karsztos part, a világ legjobban tagolt tengerpartja. Idegenforgalmi szempontból a horvát Adria alapvetően három nagyobb részre osztható: Isztriai-félsziget, Kvarner-öböl és Dalmácia tengerpartja. Itt mindenki megtalálja a magának tetsző partot: homokos, kavicsos, sziklás. A kavicsos, sziklás partszakaszokon mindenképpen ajánlott strandcipő használata. Kisgyerekekkel elindulva a legközelebb Crikvenicánál üdülhetünk homokos partszakaszon, de Medulinnál, Loparnál, Ninnél valamint Omisnál, Brac szigeten vagy akár Krk szigeten is találunk homokos partokat.",
        "departure": "2022-04-27",
        "capacity": 1,
        "pictureUrl": "http://vizsga2022.cluster.jedlik.eu/picture/dubrovnik.jpg"
    },
    {
        "_id": 2,
        "vehicle": 2,
        "country": "Görögország",
        "description": "Görögország olyan gazdag kulturális örökséggel és természeti kincsekkel rendelkezik, hogy úgy érezzük, soha nem fogjuk tudni teljesen felfedezni, akárhányszor is látogatunk el ide. Végtére is, ez az egyik oka annak, hogy a világ top 20 turisztikai célpontja közé bekerült. Minden nyáron tömegek látogatnak el ebbe a csodálatos országba, hogy felfedezzék történelmi kincseit és csodálatos tájait. Partvonala erősen tagolt, a leghosszabb európai partszakasszal büszkélkedhet, 1300 szigetéből 170 lakott. Az ország három földrajzi régióra oszlik: a szárazföldre, a szigetekre és a Peloponnészoszi félszigetre. Az év több mint 250 napján süt a nap összesen több mint 3000 órát. Nincs olyan pontja az országnak, ami 140 km-nél távolabb lenne a tengertől. Görögország Európa, Ázsia és Afrika találkozásánál fekszik. Területén már a bronzkortól egész Európa fejlődését meghatározó kultúrák alakultak ki. A virágzó hellén Birodalmat az egyre erősödő Róma hódította meg, majd a Római Birodalom kettéválása után a 15. századig a Bizánci Császárság része volt, a, aztán a török hódítás áldozatául esett, és az Oszmán Birodalom uralma alá került. Ez a hosszú, több mint 400 éves időszak hozta létre gazdag építészeti kincseit, mint például az Akropolisz, mely a világ 7 csodájának egyike.",
        "departure": "2022-05-01",
        "capacity": 54,
        "pictureUrl": "http://vizsga2022.cluster.jedlik.eu/picture/greece.jpg"
    }
]