{
    "client": "Thunder Client",
    "collectionName": "Backend teszt",
    "dateExported": "2022-04-25T20:35:31.278Z",
    "version": "1.1",
    "folders": [
        {
            "_id": "26ebfcfe-1f37-4395-aab4-c6d750d3aad7",
            "name": "nside",
            "containerId": "",
            "created": "2022-04-25T20:33:47.246Z",
            "sortNum": 10000
        },
        {
            "_id": "e14d80be-a803-4c93-a714-74f87f9f4975",
            "name": "oneside",
            "containerId": "",
            "created": "2022-04-25T20:34:02.576Z",
            "sortNum": 20000
        }
    ],
    "requests": [
        {
            "_id": "b4f34722-9477-4e32-ae57-bbd62222a3a0",
            "colId": "94df326c-0f8a-4103-bdb1-a63db02467fc",
            "containerId": "26ebfcfe-1f37-4395-aab4-c6d750d3aad7",
            "name": "Get all",
            "url": "http://localhost:5000/api/journey",
            "method": "GET",
            "sortNum": 10000,
            "created": "2022-04-25T20:16:24.322Z",
            "modified": "2022-04-25T20:34:08.342Z",
            "headers": [],
            "params": [],
            "tests": []
        },
        {
            "_id": "6211ee02-cb5f-49e8-8a11-573c2f49d072",
            "colId": "94df326c-0f8a-4103-bdb1-a63db02467fc",
            "containerId": "e14d80be-a803-4c93-a714-74f87f9f4975",
            "name": "Get all oneside",
            "url": "http://localhost:5000/api/journey",
            "method": "GET",
            "sortNum": 10000,
            "created": "2022-04-25T20:34:39.703Z",
            "modified": "2022-04-25T20:34:42.143Z",
            "headers": [],
            "params": [],
            "tests": []
        },
        {
            "_id": "943ea30c-371c-4000-8d76-270e163bd523",
            "colId": "94df326c-0f8a-4103-bdb1-a63db02467fc",
            "containerId": "26ebfcfe-1f37-4395-aab4-c6d750d3aad7",
            "name": "Get by id",
            "url": "http://localhost:5000/api/journey/123",
            "method": "GET",
            "sortNum": 20000,
            "created": "2022-04-25T20:16:24.324Z",
            "modified": "2022-04-25T20:34:09.790Z",
            "headers": [],
            "params": [],
            "tests": []
        },
        {
            "_id": "45247fc5-a632-4915-9eb1-25f4a1b023ab",
            "colId": "94df326c-0f8a-4103-bdb1-a63db02467fc",
            "containerId": "26ebfcfe-1f37-4395-aab4-c6d750d3aad7",
            "name": "Create",
            "url": "http://localhost:5000/api/journey/",
            "method": "POST",
            "sortNum": 30000,
            "created": "2022-04-25T20:16:24.325Z",
            "modified": "2022-04-25T20:34:11.137Z",
            "headers": [],
            "params": [],
            "body": {
                "type": "json",
                "raw": "{\n    \"_id\": 1234,\n    \"vehicle\": 1,\n    \"name\": \"Petőfi Sándor\",\n    \"description\": \"Minta leírás\",\n    \"isGlutenFree\": true,\n    \"prepTime\": 3.4,\n    \"minMaxExample\": 3,\n    \"enumExample\": \"Tea\",\n    \"customValidatorExample\": 100,\n    \"dateExample\": \"2056-01-01T00:00:00.000Z\"\n  }",
                "form": []
            },
            "tests": []
        },
        {
            "_id": "ba8b251c-b4a1-4429-ae47-cd943823468d",
            "colId": "94df326c-0f8a-4103-bdb1-a63db02467fc",
            "containerId": "26ebfcfe-1f37-4395-aab4-c6d750d3aad7",
            "name": "Modify by id",
            "url": "http://localhost:5000/api/journey/1234",
            "method": "PATCH",
            "sortNum": 40000,
            "created": "2022-04-25T20:16:24.326Z",
            "modified": "2022-04-25T20:34:12.117Z",
            "headers": [],
            "params": [],
            "body": {
                "type": "json",
                "raw": "{ \n   \"name\": \"Nagy Jenő\"\n}",
                "form": []
            },
            "tests": []
        },
        {
            "_id": "814965d4-6e03-439c-8c4e-9311a282bb02",
            "colId": "94df326c-0f8a-4103-bdb1-a63db02467fc",
            "containerId": "26ebfcfe-1f37-4395-aab4-c6d750d3aad7",
            "name": "Delete by id",
            "url": "http://localhost:5000/api/journey/1234",
            "method": "DELETE",
            "sortNum": 50000,
            "created": "2022-04-25T20:16:24.327Z",
            "modified": "2022-04-25T20:34:19.750Z",
            "headers": [],
            "params": [],
            "tests": []
        }
    ]
}